cell_id,mouse_id,exclusion,notes,abf_folder,free_run_file,hyperpol_file,small_steps_file,ramp_file,sagIh_file,SK_VC_file,SK_VC_apamin_file,small_steps_apamin_file,ramp_apamin_file,hyperpol_apamin_file,sagIh_apamin_file
20260607_cell7_JMT,20260607_SNI_M2,,,C:\Users\tahage\Box\CreedLabBoxDrive\Dopamine_Pain_Project\Patching\NAcCore_projecting_VTA_DA\Chronic SNI\06072026,2026_06_07_0092.abf,2026_06_07_0093.abf,2026_06_07_0094.abf,2026_06_07_0096.abf,2026_06_07_0097.abf,"[2026_06_07_0098.abf, 2026_06_07_0099.abf]","[2026_06_07_0106.abf, 2026_06_07_0107.abf]",2026_06_07_0104.abf,2026_06_07_0105.abf,2026_06_07_0103.abf,
20260607_cell8_JMT,20260607_SNI_M1,,small_steps very dep. plateua,C:\Users\tahage\Box\CreedLabBoxDrive\Dopamine_Pain_Project\Patching\NAcCore_projecting_VTA_DA\Chronic SNI\06072026,2026_06_07_0108.abf,2026_06_07_0109.abf,2026_06_07_0110.abf,,,,,,,,
20260610_cell5_JMT,20260610_SNI_M1,,,C:\Users\tahage\Box\CreedLabBoxDrive\Dopamine_Pain_Project\Patching\NAcCore_projecting_VTA_DA\Chronic SNI\06102026,2026_06_10_0060.abf,2026_06_10_0061.abf,2026_06_10_0063.abf,2026_06_10_0064.abf,2026_06_10_0065.abf,"[2026_06_10_0066.abf, 2026_06_10_0067.abf]","[2026_06_10_0074.abf, 2026_06_10_0075.abf]",2026_06_10_0072.abf,2026_06_10_0073.abf,2026_06_10_0071.abf,
20260610_cell6_JMT,20260610_SNI_M1,no APs,,,,,,,,,,,,,
20260610_cell7_JMT,20260610_SNI_M1,sag,,C:\Users\tahage\Box\CreedLabBoxDrive\Dopamine_Pain_Project\Patching\NAcCore_projecting_VTA_DA\Chronic SNI\06102026,2026_06_10_0079.abf,2026_06_10_0080.abf,2026_06_10_0081.abf,2026_06_10_0082.abf,2026_06_10_0083.abf,,,,,,
20260610_cell8_JMT,20260610_SNI_M1,sag,,C:\Users\tahage\Box\CreedLabBoxDrive\Dopamine_Pain_Project\Patching\NAcCore_projecting_VTA_DA\Chronic SNI\06102026,2026_06_10_0084.abf,,,,,,,,,,
20260610_cell9_JMT,20260610_SNI_M1,probably sag,,C:\Users\tahage\Box\CreedLabBoxDrive\Dopamine_Pain_Project\Patching\NAcCore_projecting_VTA_DA\Chronic SNI\06102026,2026_06_10_0086.abf,2026_06_10_0087.abf,2026_06_10_0088.abf,2026_06_10_0089.abf,2026_06_10_0090.abf,"[2026_06_10_0091.abf, 2026_06_10_0092.abf] ","[2026_06_10_0099.abf, 2026_06_10_0100.abf] ",2026_06_10_0097.abf,2026_06_10_0098.abf,2026_06_10_0096.abf,
20260611_cell1_JMT,20260611_SNI_F1,,,C:\Users\tahage\Box\CreedLabBoxDrive\Dopamine_Pain_Project\Patching\NAcCore_projecting_VTA_DA\Chronic SNI\06112026,2026_06_11_0000.abf,2026_06_11_0001.abf,2026_06_11_0002.abf,2026_06_11_0003.abf,2026_06_11_0004.abf,"[2026_06_11_0005.abf, 2026_06_11_0006.abf] ","[2026_06_11_0008.abf, 2026_06_11_0009.abf]",2026_06_11_0011.abf,2026_06_11_0012.abf,2026_06_11_0010.abf,
20260611_cell2_JMT,20260611_SNI_F1,no APs,,,,,,,,,,,,,
20260611_cell3_JMT,20260611_SNI_F1,"sag, faint mCherry",,C:\Users\tahage\Box\CreedLabBoxDrive\Dopamine_Pain_Project\Patching\NAcCore_projecting_VTA_DA\Chronic SNI\06112026,2026_06_11_0017.abf,2026_06_11_0018.abf,2026_06_11_0019.abf,2026_06_11_0020.abf,2026_06_11_0021.abf,,,,,,
20260611_cell4_JMT,20260611_SNI_F1,,spikelets,C:\Users\tahage\Box\CreedLabBoxDrive\Dopamine_Pain_Project\Patching\NAcCore_projecting_VTA_DA\Chronic SNI\06112026,2026_06_11_0022.abf,2026_06_11_0023.abf,2026_06_11_0024.abf,2026_06_11_0025.abf,2026_06_11_0026.abf,"[2026_06_11_0027.abf, 2026_06_11_0028.abf] ","[2026_06_11_0035.abf, 2026_06_11_0036.abf] ",,,,
20260611_cell5_JMT,20260611_SNI_F1,"lateral, sag",,C:\Users\tahage\Box\CreedLabBoxDrive\Dopamine_Pain_Project\Patching\NAcCore_projecting_VTA_DA\Chronic SNI\06112026,2026_06_11_0037.abf,2026_06_11_0038.abf,2026_06_11_0040.abf,2026_06_11_0041.abf,2026_06_11_0042.abf,,,,,,
20260612_cell1_JMT,20260612_SNI_F1,poor quality,,,,,,,,,,,,,
20260612_cell3_JMT,20260612_SNI_F1,,signs of high access,C:\Users\tahage\Box\CreedLabBoxDrive\Dopamine_Pain_Project\Patching\NAcCore_projecting_VTA_DA\Chronic SNI\06122026,2026_06_12_0004.abf,2026_06_12_0005.abf,2026_06_12_0007.abf,,2026_06_12_0009.abf,,,,,,
20260612_cell4_JMT,20260612_SNI_F1,,,C:\Users\tahage\Box\CreedLabBoxDrive\Dopamine_Pain_Project\Patching\NAcCore_projecting_VTA_DA\Chronic SNI\06122026,2026_06_12_0020.abf,2026_06_12_0021.abf,2026_06_12_0022.abf,2026_06_12_0023.abf,2026_06_12_0024.abf,"[2026_06_12_0025.abf, 2026_06_12_0026.abf] ","[2026_06_12_0033.abf, 2026_06_12_0034.abf] ",2026_06_12_0031.abf,2026_06_12_0032.abf,2026_06_12_0030.abf,
20260616_cell1_JMT,20260616_SNI_F1,,small steps in apamin large noise,C:\Users\tahage\Box\CreedLabBoxDrive\Dopamine_Pain_Project\Patching\NAcCore_projecting_VTA_DA\Chronic SNI\0616026,2026_06_16_0000.abf,2026_06_16_0001.abf,2026_06_16_0002.abf,2026_06_16_0003.abf,2026_06_16_0004.abf,"[2026_06_16_0005.abf, 2026_06_16_0006.abf] ","[2026_06_16_0013.abf, 2026_06_16_0014.abf] ",,2026_06_16_0012.abf,2026_06_16_0010.abf,
20260616_cell2_JMT,20260616_SNI_F1,,signs of high access,C:\Users\tahage\Box\CreedLabBoxDrive\Dopamine_Pain_Project\Patching\NAcCore_projecting_VTA_DA\Chronic SNI\0616026,2026_06_16_0015.abf,2026_06_16_0016.abf,2026_06_16_0020.abf,2026_06_16_0019.abf,2026_06_16_0021.abf,,,,,,
20260617_cell1_JMT,20260617_SNI_F1,,"low Ri, sag file",C:\Users\tahage\Box\CreedLabBoxDrive\Dopamine_Pain_Project\Patching\NAcCore_projecting_VTA_DA\Chronic SNI\0617026,2026_06_17_0000.abf,2026_06_17_0001.abf,2026_06_17_0002.abf,2026_06_17_0004.abf,2026_06_17_0005.abf,,,,,,
20260617_cell2_JMT,20260617_SNI_F1,,,C:\Users\tahage\Box\CreedLabBoxDrive\Dopamine_Pain_Project\Patching\NAcCore_projecting_VTA_DA\Chronic SNI\0617026,2026_06_17_0010.abf,2026_06_17_0011.abf,2026_06_17_0012.abf,2026_06_17_0013.abf,2026_06_17_0014.abf,"[2026_06_17_0015.abf, 2026_06_17_0016.abf] ","[2026_06_17_0018.abf, 2026_06_17_0019.abf] ",,,2026_06_17_0020.abf,
20260717_cell1_JMT,20260717_naive_F2,,,C:\Users\tahage\Box\CreedLabBoxDrive\Dopamine_Pain_Project\Patching\NAcCore_projecting_VTA_DA\Chronic SNI\0717026,2026_07_17_0000.abf,2026_07_17_0001.abf,2026_07_17_0002.abf,2026_07_17_0003.abf,2026_07_17_0004.abf,,,,,,
20260717_cell2_JMT,20260717_naive_F2,,died,,,,,,,,,,,,
20260717_cell3_JMT,20260717_naive_F2,,SK_VC saturated,C:\Users\tahage\Box\CreedLabBoxDrive\Dopamine_Pain_Project\Patching\NAcCore_projecting_VTA_DA\Chronic SNI\0717026,2026_07_17_0009.abf,2026_07_17_0010.abf,2026_07_17_0011.abf,2026_07_17_0012.abf,2026_07_17_0013.abf,"[2026_07_17_0015.abf, 2026_07_17_0016.abf] ","[2026_07_17_0023.abf, 2026_07_17_0024.abf] ",2026_07_17_0021.abf,2026_07_17_0022.abf,2026_07_17_0020.abf,
20260717_cell4_JMT,20260717_naive_F1,,,C:\Users\tahage\Box\CreedLabBoxDrive\Dopamine_Pain_Project\Patching\NAcCore_projecting_VTA_DA\Chronic SNI\0717026,2026_07_17_0025.abf,2026_07_17_0026.abf,2026_07_17_0028.abf,2026_07_17_0029.abf,2026_07_17_0030.abf,,,,,,
20260717_cell5_JMT,20260717_naive_F1,,SK_VC high Ra?,C:\Users\tahage\Box\CreedLabBoxDrive\Dopamine_Pain_Project\Patching\NAcCore_projecting_VTA_DA\Chronic SNI\0717026,2026_07_17_0031.abf,2026_07_17_0032.abf,2026_07_17_0033.abf,2026_07_17_0034.abf,2026_07_17_0035.abf,"[2026_07_17_0036.abf, 2026_07_17_0037.abf] ","[2026_07_17_0039.abf, 2026_07_17_0040.abf] ",,,2026_07_17_0041.abf,
20260717_cell6_JMT,20260717_naive_F2,,spikelets,C:\Users\tahage\Box\CreedLabBoxDrive\Dopamine_Pain_Project\Patching\NAcCore_projecting_VTA_DA\Chronic SNI\0717026,2026_07_17_0045.abf,2026_07_17_0046.abf,2026_07_17_0047.abf,2026_07_17_0049.abf,2026_07_17_0050.abf,,,,,,
20260717_cell7_JMT,20260717_naive_F2,holding current,,,,,,,,,,,,,
20260721_cell1_JMT,20260721_naive_F1,,spikelets,C:\Users\tahage\Box\CreedLabBoxDrive\Dopamine_Pain_Project\Patching\NAcCore_projecting_VTA_DA\Chronic SNI\07212026,2026_07_21_0000.abf,2026_07_21_0001.abf,2026_07_21_0005.abf,2026_07_21_0003.abf,2026_07_21_0004.abf,,,,,,
20260721_cell2_JMT,20260721_naive_F1,,,C:\Users\tahage\Box\CreedLabBoxDrive\Dopamine_Pain_Project\Patching\NAcCore_projecting_VTA_DA\Chronic SNI\07212026,2026_07_21_0006.abf,2026_07_21_0007.abf,2026_07_21_0008.abf,2026_07_21_0009.abf,,"[2026_07_21_0011.abf, 2026_07_21_0012.abf] ","[2026_07_21_0020.abf, 2026_07_21_0021.abf] ",2026_07_21_0018.abf,2026_07_21_0019.abf,2026_07_21_0017.abf,
20260721_cell3_JMT,20260721_naive_F1,,,C:\Users\tahage\Box\CreedLabBoxDrive\Dopamine_Pain_Project\Patching\NAcCore_projecting_VTA_DA\Chronic SNI\07212026,2026_07_21_0022.abf,2026_07_21_0023.abf,2026_07_21_0024.abf,2026_07_21_0025.abf,2026_07_21_0026.abf,,,,,,
20260721_cell4_JMT,20260721_naive_F1,unstable,,C:\Users\tahage\Box\CreedLabBoxDrive\Dopamine_Pain_Project\Patching\NAcCore_projecting_VTA_DA\Chronic SNI\07212026,2026_07_21_0028.abf,2026_07_21_0029.abf,,,,,,,,,
20260721_cell5_JMT,20260721_naive_F1,,,C:\Users\tahage\Box\CreedLabBoxDrive\Dopamine_Pain_Project\Patching\NAcCore_projecting_VTA_DA\Chronic SNI\07212026,2026_07_21_0040.abf,2026_07_21_0041.abf,2026_07_21_0042.abf,,,,,,,,
20260721_cell6_JMT,20260721_naive_F1,,bit depolarized for many i-clamp protocols,C:\Users\tahage\Box\CreedLabBoxDrive\Dopamine_Pain_Project\Patching\NAcCore_projecting_VTA_DA\Chronic SNI\07212026,2026_07_21_0043.abf,2026_07_21_0044.abf,,,2026_07_21_0047.abf,,,,,,
20260722_cell1_JMT,20260722_naive_M1,,,C:\Users\tahage\Box\CreedLabBoxDrive\Dopamine_Pain_Project\Patching\NAcCore_projecting_VTA_DA\Chronic SNI\07222026,2026_07_22_0000.abf,2026_07_22_0001.abf,2026_07_22_0005.abf,2026_07_22_0003.abf,2026_07_22_0004.abf,,,,,,
20260722_cell2_JMT,20260722_naive_M1,,SK_VC saturation,C:\Users\tahage\Box\CreedLabBoxDrive\Dopamine_Pain_Project\Patching\NAcCore_projecting_VTA_DA\Chronic SNI\07222026,2026_07_22_0006.abf,2026_07_22_0007.abf,2026_07_22_0008.abf,2026_07_22_0009.abf,2026_07_22_0010.abf,"[2026_07_22_0011.abf, 2026_07_22_0012.abf] ","[2026_07_22_0020.abf, 2026_07_22_0021.abf] ",2026_07_22_0018.abf,2026_07_22_0019.abf,2026_07_22_0017.abf,
20260722_cell3_JMT,20260722_naive_M1,,,C:\Users\tahage\Box\CreedLabBoxDrive\Dopamine_Pain_Project\Patching\NAcCore_projecting_VTA_DA\Chronic SNI\07222026,2026_07_22_0022.abf,2026_07_22_0023.abf,2026_07_22_0024.abf,2026_07_22_0025.abf,2026_07_22_0026.abf,,,,,,
20260722_cell4_JMT,20260722_naive_M1,,"SK_VC messy saturated sometimes, access likley increasing over time",C:\Users\tahage\Box\CreedLabBoxDrive\Dopamine_Pain_Project\Patching\NAcCore_projecting_VTA_DA\Chronic SNI\07222026,2026_07_22_0029.abf,2026_07_22_0030.abf,2026_07_22_0035.abf,2026_07_22_0032.abf,2026_07_22_0033.abf,,,,,,
20260722_cell5_JMT,20260722_naive_M1,,,C:\Users\tahage\Box\CreedLabBoxDrive\Dopamine_Pain_Project\Patching\NAcCore_projecting_VTA_DA\Chronic SNI\07222026,2026_07_22_0047.abf,2026_07_22_0048.abf,2026_07_22_0049.abf,2026_07_22_0050.abf,2026_07_22_0051.abf,,,,,,
20260723_cell1_JMT,20260723_naive_M1,,,C:\Users\tahage\Box\CreedLabBoxDrive\Dopamine_Pain_Project\Patching\NAcCore_projecting_VTA_DA\Chronic SNI\07232026,2026_07_23_0000.abf,2026_07_23_0001.abf,2026_07_23_0004.abf,2026_07_23_0002.abf,2026_07_23_0005.abf,"[2026_07_23_0006.abf, 2026_07_23_0007.abf] ","[2026_07_23_0011.abf, 2026_07_23_0012.abf] ",2026_07_23_0014.abf,2026_07_23_0015.abf,2026_07_23_0013.abf,
20260723_cell2_JMT,20260723_naive_M2,,SK_VC ?,C:\Users\tahage\Box\CreedLabBoxDrive\Dopamine_Pain_Project\Patching\NAcCore_projecting_VTA_DA\Chronic SNI\07232026,2026_07_23_0017.abf,2026_07_23_0018.abf,2026_07_23_0019.abf,2026_07_23_0020.abf,2026_07_23_0022.abf,,,,,,
20260723_cell3_JMT,20260723_naive_M1,,,C:\Users\tahage\Box\CreedLabBoxDrive\Dopamine_Pain_Project\Patching\NAcCore_projecting_VTA_DA\Chronic SNI\07232026,2026_07_23_0032.abf,2026_07_23_0033.abf,2026_07_23_0034.abf,2026_07_23_0035.abf,2026_07_23_0036.abf,"[2026_07_23_0037.abf, 2026_07_23_0038.abf] ","[2026_07_23_0041.abf, 2026_07_23_0042.abf] ",2026_07_23_0044.abf,2026_07_23_0045.abf,2026_07_23_0043.abf,
20260723_cell4_JMT,20260723_naive_M2,,weak repolarization,C:\Users\tahage\Box\CreedLabBoxDrive\Dopamine_Pain_Project\Patching\NAcCore_projecting_VTA_DA\Chronic SNI\07232026,2026_07_23_0048.abf,2026_07_23_0049.abf,2026_07_23_0052.abf,2026_07_23_0051.abf,2026_07_23_0053.abf,,,,,,
20260723_cell5_JMT,20260723_naive_M1,,,C:\Users\tahage\Box\CreedLabBoxDrive\Dopamine_Pain_Project\Patching\NAcCore_projecting_VTA_DA\Chronic SNI\07232026,2026_07_23_0063.abf,2026_07_23_0064.abf,2026_07_23_0065.abf,2026_07_23_0066.abf,2026_07_23_0067.abf,"[2026_07_23_0068.abf, 2026_07_23_0069.abf] ","[2026_07_23_0072.abf, 2026_07_23_0073.abf] ",2026_07_23_0075.abf,2026_07_23_0076.abf,2026_07_23_0074.abf,
20260723_cell6_JMT,20260723_naive_M2,,,C:\Users\tahage\Box\CreedLabBoxDrive\Dopamine_Pain_Project\Patching\NAcCore_projecting_VTA_DA\Chronic SNI\07232026,2026_07_23_0079.abf,2026_07_23_0080.abf,2026_07_23_0081.abf,2026_07_23_0082.abf,2026_07_23_0083.abf,"[2026_07_23_0084.abf, 2026_07_23_0085.abf] ","[2026_07_23_0089.abf, 2026_07_23_0090.abf] ",2026_07_23_0092.abf,2026_07_23_0093.abf,2026_07_23_0091.abf,
20260724_cell1_JMT,20260724_naive_F1,,,C:\Users\tahage\Box\CreedLabBoxDrive\Dopamine_Pain_Project\Patching\NAcCore_projecting_VTA_DA\Chronic SNI\07242026,2026_07_24_0000.abf,2026_07_24_0001.abf,2026_07_24_0002.abf,2026_07_24_0003.abf,2026_07_24_0004.abf,"[2026_07_24_0005.abf, 2026_07_24_0006.abf, 2026_07_24_0007.abf] ","[2026_07_24_0015.abf, 2026_07_24_0016.abf] ",2026_07_24_0013.abf,2026_07_24_0014.abf,2026_07_24_0012.abf,
20260724_cell2_JMT,20260724_SNI_M1,,no APs w/ steps or ramps,C:\Users\tahage\Box\CreedLabBoxDrive\Dopamine_Pain_Project\Patching\NAcCore_projecting_VTA_DA\Chronic SNI\07242026,2026_07_24_0017.abf,2026_07_24_0018.abf,2026_07_24_0019.abf,2026_07_24_0020.abf,2026_07_24_0021.abf,"[2026_07_24_0022.abf, 2026_07_24_0023.abf] ","[2026_07_24_0026.abf, 2026_07_24_0027.abf] ",2026_07_24_0029.abf,2026_07_24_0030.abf,2026_07_24_0028.abf,
20260724_cell3_JMT,20260724_SNI_M2,,high access,C:\Users\tahage\Box\CreedLabBoxDrive\Dopamine_Pain_Project\Patching\NAcCore_projecting_VTA_DA\Chronic SNI\07242026,2026_07_24_0033.abf,2026_07_24_0034.abf,2026_07_24_0035.abf,,,,,,,,
20260724_cell4_JMT,20260724_naive_F1,,spikelets,C:\Users\tahage\Box\CreedLabBoxDrive\Dopamine_Pain_Project\Patching\NAcCore_projecting_VTA_DA\Chronic SNI\07242026,2026_07_24_0047.abf,2026_07_24_0048.abf,2026_07_24_0049.abf,2026_07_24_0050.abf,2026_07_24_0051.abf,"[2026_07_24_0053.abf, 2026_07_24_0054.abf] ","[2026_07_24_0061.abf, 2026_07_24_0062.abf] ",,,,
20260724_cell5_JMT,20260724_naive_F1,sag,high access,C:\Users\tahage\Box\CreedLabBoxDrive\Dopamine_Pain_Project\Patching\NAcCore_projecting_VTA_DA\Chronic SNI\07242026,2026_07_24_0064.abf,2026_07_24_0065.abf,2026_07_24_0066.abf,,2026_07_24_0068.abf,,,,,,
20260724_cell6_JMT,20260724_naive_F1,,,C:\Users\tahage\Box\CreedLabBoxDrive\Dopamine_Pain_Project\Patching\NAcCore_projecting_VTA_DA\Chronic SNI\07242026,2026_07_24_0069.abf,2026_07_24_0070.abf,2026_07_24_0071.abf,2026_07_24_0072.abf,2026_07_24_0073.abf,[2026_07_24_0075.abf],"[2026_07_24_0083.abf, 2026_07_24_0084.abf]",2026_07_24_0081.abf,2026_07_24_0082.abf,2026_07_24_0080.abf,
20260813_cell1_RDG,20260813_naive_F1,,,C:\Users\tahage\Box\CreedLabBoxDrive\Dopamine_Pain_Project\Patching\NAcCore_projecting_VTA_DA\Chronic SNI\08132026,RDG_2026_08_13_0000.abf,RDG_2026_08_13_0001.abf,RDG_2026_08_13_0005.abf,RDG_2026_08_13_0003.abf,RDG_2026_08_13_0004.abf,,,,,,
20260814_cell1_MC,20260814_naive_M1,,,C:\Users\tahage\Box\CreedLabBoxDrive\Dopamine_Pain_Project\Patching\NAcCore_projecting_VTA_DA\Chronic SNI\08142026\260814_1MC_(naive),MC_2026_08_14_0000.abf,MC_2026_08_14_0001.abf,MC_2026_08_14_0002.abf,MC_2026_08_14_0004.abf,MC_2026_08_14_0003.abf,,,MC_2026_08_14_0011.abf,,,
20260814_cell2_MC,20260814_SNI_M1,,ramp depolarized,C:\Users\tahage\Box\CreedLabBoxDrive\Dopamine_Pain_Project\Patching\NAcCore_projecting_VTA_DA\Chronic SNI\08142026\260814_2MC_(SNI_NoApamin),MC_2026_08_14_0013.abf,MC_2026_08_14_0017.abf,MC_2026_08_14_0014.abf,MC_2026_08_14_0015.abf,MC_2026_08_14_0016.abf,,,,,,
20260814_cell3_MC,20260814_SNI_M1,,,C:\Users\tahage\Box\CreedLabBoxDrive\Dopamine_Pain_Project\Patching\NAcCore_projecting_VTA_DA\Chronic SNI\08142026\260814_3MC_(SNI),MC_2026_08_14_0022.abf,,,,,,,,,,
20260814_cell4_MC,20260814_naive_M1,,,C:\Users\tahage\Box\CreedLabBoxDrive\Dopamine_Pain_Project\Patching\NAcCore_projecting_VTA_DA\Chronic SNI\08142026\260814_4MC_(naive),,MC_2026_08_14_0032.abf,MC_2026_08_14_0035.abf,MC_2026_08_14_0034.abf,MC_2026_08_14_0036.abf,[MC_2026_08_14_0037.abf],[MC_2026_08_14_0041.abf],,,,
20260814_cell1_TH,20260814_SNI_M1,,sag,C:\Users\tahage\Box\CreedLabBoxDrive\Dopamine_Pain_Project\Patching\NAcCore_projecting_VTA_DA\Chronic SNI\08142026\TH_2026-08-14-000\slice-000,Elder_2026_08_14_0000.abf,Elder_2026_08_14_0001.abf,Elder_2026_08_14_0003.abf,Elder_2026_08_14_0004.abf,Elder_2026_08_14_0005.abf,"[Elder_2026_08_14_0006.abf, Elder_2026_08_14_0007.abf]","[Elder_2026_08_14_0012.abf, Elder_2026_08_14_0013.abf]",Elder_2026_08_14_0014.abf,Elder_2026_08_14_0016.abf,Elder_2026_08_14_0015.abf,Elder_2026_08_14_0017.abf
20260814_cell2_TH,20260814_naive_M1,,,C:\Users\tahage\Box\CreedLabBoxDrive\Dopamine_Pain_Project\Patching\NAcCore_projecting_VTA_DA\Chronic SNI\08142026\TH_2026-08-14-000\slice-001,Elder_2026_08_14_0021.abf,Elder_2026_08_14_0022.abf,Elder_2026_08_14_0023.abf,Elder_2026_08_14_0024.abf,Elder_2026_08_14_0025.abf,"[Elder_2026_08_14_0026.abf, Elder_2026_08_14_0027.abf]","[Elder_2026_08_14_0034.abf, Elder_2026_08_14_0035.abf]",Elder_2026_08_14_0036.abf,,,
20260814_cell3_TH,20260814_naive_M1,,,C:\Users\tahage\Box\CreedLabBoxDrive\Dopamine_Pain_Project\Patching\NAcCore_projecting_VTA_DA\Chronic SNI\08142026\TH_2026-08-14-000\slice-002,Elder_2026_08_14_0040.abf,Elder_2026_08_14_0041.abf,Elder_2026_08_14_0044.abf,Elder_2026_08_14_0043.abf,Elder_2026_08_14_0045.abf,,,,,,
20260814_cell4_TH,20260814_naive_M1,,,C:\Users\tahage\Box\CreedLabBoxDrive\Dopamine_Pain_Project\Patching\NAcCore_projecting_VTA_DA\Chronic SNI\08142026\TH_2026-08-14-000\slice-003,Elder_2026_08_14_0046.abf,Elder_2026_08_14_0047.abf,Elder_2026_08_14_0049.abf,Elder_2026_08_14_0050.abf,Elder_2026_08_14_0051.abf,"[Elder_2026_08_14_0052.abf, Elder_2026_08_14_0053.abf, Elder_2026_08_14_0054.abf]","[Elder_2026_08_14_0060.abf, Elder_2026_08_14_0061.abf, Elder_2026_08_14_0062.abf]",Elder_2026_08_14_0063.abf,Elder_2026_08_14_0064.abf,Elder_2026_08_14_0065.abf,Elder_2026_08_14_0066.abf
20260814_cell5_TH,20260814_SNI_M1,,sag,C:\Users\tahage\Box\CreedLabBoxDrive\Dopamine_Pain_Project\Patching\NAcCore_projecting_VTA_DA\Chronic SNI\08142026\TH_2026-08-14-000\slice-004,Elder_2026_08_14_0068.abf,Elder_2026_08_14_0070.abf,Elder_2026_08_14_0071.abf,Elder_2026_08_14_0072.abf,Elder_2026_08_14_0073.abf,"[Elder_2026_08_14_0077.abf, Elder_2026_08_14_0078.abf]","[Elder_2026_08_14_0084.abf, Elder_2026_08_14_0085.abf, Elder_2026_08_14_0086.abf]",Elder_2026_08_14_0087.abf,Elder_2026_08_14_0091.abf,Elder_2026_08_14_0090.abf,Elder_2026_08_14_0089.abf
20260814_cell6_TH,20260814_naive_M1,,sag,C:\Users\tahage\Box\CreedLabBoxDrive\Dopamine_Pain_Project\Patching\NAcCore_projecting_VTA_DA\Chronic SNI\08142026\TH_2026-08-14-000\slice-005,Elder_2026_08_14_0093.abf,Elder_2026_08_14_0095.abf,Elder_2026_08_14_0096.abf,Elder_2026_08_14_0097.abf,Elder_2026_08_14_0098.abf,"[Elder_2026_08_14_0099.abf, Elder_2026_08_14_0100.abf, Elder_2026_08_14_0101.abf]","[Elder_2026_08_14_0103.abf, Elder_2026_08_14_0104.abf, Elder_2026_08_14_0105.abf]",Elder_2026_08_14_0108.abf,Elder_2026_08_14_0109.abf,Elder_2026_08_14_0110.abf,Elder_2026_08_14_0111.abf
20260816_cell1_MC,20260816_naive_M1,,,C:\Users\tahage\Box\CreedLabBoxDrive\Dopamine_Pain_Project\Patching\NAcCore_projecting_VTA_DA\Chronic SNI\08162026\260816_1MC_Naive,MC_2026_08_14_0043.abf,MC_2026_08_14_0044.abf,MC_2026_08_14_0048.abf,MC_2026_08_14_0047.abf,,[MC_2026_08_14_0050.abf],[MC_2026_08_14_0055.abf],MC_2026_08_14_0057.abf,MC_2026_08_14_0058.abf,,
20260816_cell2_MC,20260816_naive_M1,,,C:\Users\tahage\Box\CreedLabBoxDrive\Dopamine_Pain_Project\Patching\NAcCore_projecting_VTA_DA\Chronic SNI\08162026\260816_2MC_Naive,MC_2026_08_14_0060.abf,MC_2026_08_14_0061.abf,MC_2026_08_14_0064.abf,MC_2026_08_14_0065.abf,,[MC_2026_08_14_0067.abf],[MC_2026_08_14_0071.abf],MC_2026_08_14_0074.abf,MC_2026_08_14_0073.abf,,
20260816_cell3_MC,20260816_naive_M1,,,C:\Users\tahage\Box\CreedLabBoxDrive\Dopamine_Pain_Project\Patching\NAcCore_projecting_VTA_DA\Chronic SNI\08162026\260816_3MC_Naive,MC_2026_08_14_0076.abf,MC_2026_08_14_0077.abf,MC_2026_08_14_0080.abf,MC_2026_08_14_0081.abf,,[MC_2026_08_14_0082.abf],"[MC_2026_08_14_0086.abf, MC_2026_08_14_0087.abf]",MC_2026_08_14_0091.abf,MC_2026_08_14_0090.abf,,
20260817_cell1_RDG,20260817_SNI_M1,,sag,C:\Users\tahage\Box\CreedLabBoxDrive\Dopamine_Pain_Project\Patching\NAcCore_projecting_VTA_DA\Chronic SNI\08172026\260817_1RDG,RDG_2026_08_17_0000.abf,RDG_2026_08_17_0001.abf,RDG_2026_08_17_0002.abf,RDG_2026_08_17_0003.abf,RDG_2026_08_17_0004.abf,[RDG_2026_08_17_0005.abf],[RDG_2026_08_17_0006.abf],RDG_2026_08_17_0007.abf,RDG_2026_08_17_0009.abf,RDG_2026_08_17_0008.abf,RDG_2026_08_17_0010.abf
20260817_cell1_TH,20260817_SNI_M1,,,C:\Users\tahage\Box\CreedLabBoxDrive\Dopamine_Pain_Project\Patching\NAcCore_projecting_VTA_DA\Chronic SNI\08172026\TH_2026-08-17-000\slice-000,Elder_2026_08_17_0000.abf,Elder_2026_08_17_0001.abf,Elder_2026_08_17_0002.abf,Elder_2026_08_17_0003.abf,Elder_2026_08_17_0004.abf,,,,,,
20260817_cell2_TH,20260817_SNI_M1,,,C:\Users\tahage\Box\CreedLabBoxDrive\Dopamine_Pain_Project\Patching\NAcCore_projecting_VTA_DA\Chronic SNI\08172026\TH_2026-08-17-000\slice-001,Elder_2026_08_17_0012.abf,Elder_2026_08_17_0013.abf,Elder_2026_08_17_0014.abf,Elder_2026_08_17_0015.abf,Elder_2026_08_17_0016.abf,,,,,,
20260817_cell3_TH,20260817_SNI_M1,,,C:\Users\tahage\Box\CreedLabBoxDrive\Dopamine_Pain_Project\Patching\NAcCore_projecting_VTA_DA\Chronic SNI\08172026\TH_2026-08-17-000\slice-002,Elder_2026_08_17_0024.abf,Elder_2026_08_17_0025.abf,Elder_2026_08_17_0027.abf,Elder_2026_08_17_0028.abf,Elder_2026_08_17_0029.abf,"[Elder_2026_08_17_0030.abf, Elder_2026_08_17_0031.abf]","[Elder_2026_08_17_0037.abf, Elder_2026_08_17_0038.abf]",Elder_2026_08_17_0039.abf,Elder_2026_08_17_0040.abf,Elder_2026_08_17_0041.abf,Elder_2026_08_17_0044.abf
20260817_cell4_TH,20260817_SNI_M1,,,C:\Users\tahage\Box\CreedLabBoxDrive\Dopamine_Pain_Project\Patching\NAcCore_projecting_VTA_DA\Chronic SNI\08172026\TH_2026-08-17-000\slice-003,Elder_2026_08_17_0045.abf,Elder_2026_08_17_0046.abf,Elder_2026_08_17_0047.abf,Elder_2026_08_17_0049.abf,Elder_2026_08_17_0050.abf,"[Elder_2026_08_17_0051.abf, Elder_2026_08_17_0052.abf]","[Elder_2026_08_17_0058.abf, Elder_2026_08_17_0059.abf]",Elder_2026_08_17_0060.abf,Elder_2026_08_17_0061.abf,Elder_2026_08_17_0062.abf,Elder_2026_08_17_0063.abf
20260818_cell1_MC,20260818_naive_M1,,,C:\Users\tahage\Box\CreedLabBoxDrive\Dopamine_Pain_Project\Patching\NAcCore_projecting_VTA_DA\Chronic SNI\08182026\260818_1MC_Naive,MC_2026_08_18_0000.abf,MC_2026_08_18_0001.abf,MC_2026_08_18_0002.abf,MC_2026_08_18_0003.abf,MC_2026_08_18_0005.abf,[MC_2026_08_18_0006.abf],[MC_2026_08_18_0009.abf],MC_2026_08_18_0011.abf,MC_2026_08_18_0013.abf,MC_2026_08_18_0012.abf,MC_2026_08_18_0014.abf
20260818_cell3_MC,20260818_naive_M1,,,C:\Users\tahage\Box\CreedLabBoxDrive\Dopamine_Pain_Project\Patching\NAcCore_projecting_VTA_DA\Chronic SNI\08182026\260818_3MC_Naive,MC_2026_08_18_0021.abf,MC_2026_08_18_0022.abf,MC_2026_08_18_0023.abf,MC_2026_08_18_0025.abf,MC_2026_08_18_0026.abf,[MC_2026_08_18_0027.abf],[MC_2026_08_18_0032.abf],MC_2026_08_18_0034.abf,MC_2026_08_18_0035.abf,,MC_2026_08_18_0036.abf
20260818_cell1_TH,20260818_naive_M1,,sag,C:\Users\tahage\Box\CreedLabBoxDrive\Dopamine_Pain_Project\Patching\NAcCore_projecting_VTA_DA\Chronic SNI\08182026\2026-08-18-000\slice-000,Elder_2026_08_18_0000.abf,Elder_2026_08_18_0001.abf,Elder_2026_08_18_0002.abf,Elder_2026_08_18_0003.abf,Elder_2026_08_18_0004.abf,"[Elder_2026_08_18_0005.abf, Elder_2026_08_18_0006.abf, Elder_2026_08_18_0007.abf]","[Elder_2026_08_18_0011.abf, Elder_2026_08_18_0012.abf, Elder_2026_08_18_0013.abf]",Elder_2026_08_18_0014.abf,Elder_2026_08_18_0015.abf,Elder_2026_08_18_0016.abf,Elder_2026_08_18_0017.abf
20260818_cell2_TH,20260818_naive_M1,significant pipette drift,,C:\Users\tahage\Box\CreedLabBoxDrive\Dopamine_Pain_Project\Patching\NAcCore_projecting_VTA_DA\Chronic SNI\08182026\2026-08-18-000\slice-001,Elder_2026_08_18_0019.abf,Elder_2026_08_18_0020.abf,Elder_2026_08_18_0021.abf,Elder_2026_08_18_0022.abf,Elder_2026_08_18_0023.abf,,,,,,
20260818_cell3_TH,20260818_naive_M1,,,C:\Users\tahage\Box\CreedLabBoxDrive\Dopamine_Pain_Project\Patching\NAcCore_projecting_VTA_DA\Chronic SNI\08182026\2026-08-18-000\slice-002,Elder_2026_08_18_0032.abf,Elder_2026_08_18_0033.abf,Elder_2026_08_18_0035.abf,Elder_2026_08_18_0036.abf,Elder_2026_08_18_0037.abf,"[Elder_2026_08_18_0038.abf, Elder_2026_08_18_0039.abf]","[Elder_2026_08_18_0047.abf, Elder_2026_08_18_0048.abf]",Elder_2026_08_18_0049.abf,Elder_2026_08_18_0050.abf,Elder_2026_08_18_0051.abf,Elder_2026_08_18_0052.abf
20260818_cell4_TH,20260818_naive_M1,,,C:\Users\tahage\Box\CreedLabBoxDrive\Dopamine_Pain_Project\Patching\NAcCore_projecting_VTA_DA\Chronic SNI\08182026\2026-08-18-000\slice-003,Elder_2026_08_18_0054.abf,Elder_2026_08_18_0055.abf,Elder_2026_08_18_0057.abf,Elder_2026_08_18_0058.abf,Elder_2026_08_18_0059.abf,"[Elder_2026_08_18_0060.abf, Elder_2026_08_18_0061.abf]","[Elder_2026_08_18_0068.abf, Elder_2026_08_18_0069.abf]",Elder_2026_08_18_0070.abf,Elder_2026_08_18_0071.abf,Elder_2026_08_18_0073.abf,Elder_2026_08_18_0072.abf
20260818_cell5_TH,20260818_naive_M1,,,C:\Users\tahage\Box\CreedLabBoxDrive\Dopamine_Pain_Project\Patching\NAcCore_projecting_VTA_DA\Chronic SNI\08182026\2026-08-18-000\slice-004,Elder_2026_08_18_0075.abf,Elder_2026_08_18_0076.abf,Elder_2026_08_18_0077.abf,Elder_2026_08_18_0078.abf,Elder_2026_08_18_0079.abf,"[Elder_2026_08_18_0080.abf, Elder_2026_08_18_0081.abf]","[Elder_2026_08_18_0084.abf, Elder_2026_08_18_0085.abf]",,,,
20260819_cell1_TH,20260819_naive_M1,,,C:\Users\tahage\Box\CreedLabBoxDrive\Dopamine_Pain_Project\Patching\NAcCore_projecting_VTA_DA\Chronic SNI\08192026\2026-08-19-000\slice-000,Elder_2026_08_19_0000.abf,Elder_2026_08_19_0001.abf,Elder_2026_08_19_0002.abf,Elder_2026_08_19_0003.abf,Elder_2026_08_19_0004.abf,,,,,,
20260819_cell2_TH,20260819_naive_M1,,,C:\Users\tahage\Box\CreedLabBoxDrive\Dopamine_Pain_Project\Patching\NAcCore_projecting_VTA_DA\Chronic SNI\08192026\2026-08-19-000\slice-001,Elder_2026_08_19_0005.abf,Elder_2026_08_19_0006.abf,Elder_2026_08_19_0007.abf,Elder_2026_08_19_0008.abf,Elder_2026_08_19_0009.abf,"[Elder_2026_08_19_0010.abf, Elder_2026_08_11_0011.abf]","[Elder_2026_08_19_0030.abf, Elder_2026_08_11_0031.abf]",Elder_2026_08_19_0025.abf,Elder_2026_08_19_0026.abf,Elder_2026_08_19_0027.abf,Elder_2026_08_19_0028.abf
20260819_cell3_TH,20260819_naive_M1,,"some sag, but also spike contamination in sag protocol ( very little sag in apamin)",C:\Users\tahage\Box\CreedLabBoxDrive\Dopamine_Pain_Project\Patching\NAcCore_projecting_VTA_DA\Chronic SNI\08192026\2026-08-19-000\slice-002,Elder_2026_08_19_0032.abf,Elder_2026_08_19_0033.abf,Elder_2026_08_19_0034.abf,Elder_2026_08_19_0035.abf,Elder_2026_08_19_0036.abf,"[Elder_2026_08_19_0040.abf, Elder_2026_08_11_0041.abf]","[Elder_2026_08_19_0048.abf, Elder_2026_08_11_0049.abf]",Elder_2026_08_19_0050.abf,Elder_2026_08_19_0051.abf,Elder_2026_08_19_0053.abf,Elder_2026_08_19_0052.abf
20260821_cell1_TH,20260821_naive_M1,high access,,C:\Users\tahage\Box\CreedLabBoxDrive\Dopamine_Pain_Project\Patching\NAcCore_projecting_VTA_DA\Chronic SNI\08212026\slice-000,Elder_2026_08_21_0001.abf,Elder_2026_08_21_0002.abf,Elder_2026_08_21_0003.abf,,,,,,,,
20260821_cell2_TH,20260821_naive_M1,,,C:\Users\tahage\Box\CreedLabBoxDrive\Dopamine_Pain_Project\Patching\NAcCore_projecting_VTA_DA\Chronic SNI\08212026\slice-001,Elder_2026_08_21_0005.abf,Elder_2026_08_21_0006.abf,Elder_2026_08_21_0007.abf,Elder_2026_08_21_0008.abf,Elder_2026_08_21_0009.abf,"[Elder_2026_08_21_0010.abf, Elder_2026_08_21_0011.abf]","[Elder_2026_08_21_0018.abf, Elder_2026_08_21_0019.abf]",Elder_2026_08_21_0020.abf,Elder_2026_08_21_0021.abf,Elder_2026_08_21_0023.abf,Elder_2026_08_21_0022.abf
20260821_cell3_TH,20260821_naive_M1,,,C:\Users\tahage\Box\CreedLabBoxDrive\Dopamine_Pain_Project\Patching\NAcCore_projecting_VTA_DA\Chronic SNI\08212026\slice-002,Elder_2026_08_21_0038.abf,Elder_2026_08_21_0039.abf,Elder_2026_08_21_0040.abf,Elder_2026_08_21_0041.abf,Elder_2026_08_21_0042.abf,,,,,,
20260825_cell1_RDG,20260825_naive_M1,,,C:\Users\tahage\Box\CreedLabBoxDrive\Dopamine_Pain_Project\Patching\NAcCore_projecting_VTA_DA\Chronic SNI\08252026\260825_1RDG,RDG_2026_08_18_0000.abf,RDG_2026_08_17_0003.abf,RDG_2026_08_17_0004.abf,RDG_2026_08_17_0005.abf,RDG_2026_08_17_0006.abf,,,,,,
